﻿<?xml version="1.0" encoding="UTF-8"?>
<helppanel>
<category title="All Books" keyword="" defaultfortab="0"></category>
<category title="Features" keyword="flashfeatures"></category>
<category title="Tutorials &amp; Samples" keyword="samplestutorials" defaultfortab="1"></category>
<category title="ActionScript 2.0" keyword="as2"></category>
<category title="Components" keyword="components"></category>
<category title="Extending" keyword="extending"></category>
<category title="Language References (ActionScript &amp; Components)" keyword="languagereferences"></category>
<category title="Flash Lite" keyword="flashlite"></category>
<category title="3rd Party" keyword="3rdparty"></category>
</helppanel>